request_id,blood_type_needed,location,latitude,longitude,urgency_level,timestamp,status,units_required,hospital_name,contact_person,contact_number
REQ_000001,B+,"Delhi, India",28.700535339973996,77.10595387180891,CRITICAL,2025-08-20 22:13:47,Fulfilled,2,Hospital_10,Dr. Kumar,+91-8169288485
REQ_000002,O+,"Delhi, India",28.71069504829356,77.10062105776711,HIGH,2025-08-20 18:13:47,Active,1,Hospital_17,Dr. Verma,+91-9120834317
REQ_000003,A+,"Bangalore, India",12.975900220741503,77.60270893025755,CRITICAL,2025-08-20 22:13:47,Active,2,Hospital_15,Dr. Sharma,+91-9568547910
REQ_000004,O+,"Mumbai, India",19.08537995345091,72.88037433034951,HIGH,2025-08-20 19:13:47,Fulfilled,4,Hospital_2,Dr. Kumar,+91-8384360647
REQ_000005,O-,"Mumbai, India",19.070513504378596,72.86481388205635,HIGH,2025-08-20 20:13:47,Active,2,Hospital_20,Dr. Singh,+91-7111088881
REQ_000006,O-,"Hyderabad, India",17.370843859564083,78.4759965362952,HIGH,2025-08-20 18:13:47,Active,1,Hospital_3,Dr. Patel,+91-9896089430
REQ_000007,A+,"Delhi, India",28.706936634016547,77.09388587270814,LOW,2025-08-16 08:13:47,Fulfilled,3,Hospital_19,Dr. Verma,+91-7089101055
REQ_000008,O+,"Mumbai, India",19.08252167885116,72.88425960552142,CRITICAL,2025-08-20 22:13:47,Expired,2,Hospital_9,Dr. Verma,+91-7172793727
REQ_000009,B+,"Mumbai, India",19.075984281926267,72.88171676928904,CRITICAL,2025-08-20 22:13:47,Active,1,Hospital_6,Dr. Kumar,+91-9228932714
REQ_000010,B+,"Delhi, India",28.72948493459062,77.10870459802463,HIGH,2025-08-20 18:13:47,Fulfilled,1,Hospital_15,Dr. Singh,+91-7779489931
REQ_000011,B+,"Mumbai, India",19.074171974482674,72.86399743410793,CRITICAL,2025-08-20 22:13:47,Fulfilled,1,Hospital_19,Dr. Kumar,+91-9726379588
REQ_000012,B+,"Mumbai, India",19.075933837558466,72.8842247254544,HIGH,2025-08-20 19:13:47,Fulfilled,4,Hospital_16,Dr. Sharma,+91-9018679284
REQ_000013,B+,"Mumbai, India",19.082824275024613,72.87292489062196,MEDIUM,2025-08-20 14:13:47,Active,3,Hospital_12,Dr. Kumar,+91-8431548670
REQ_000014,O+,"Delhi, India",28.694349159268015,77.11611538202848,HIGH,2025-08-20 17:13:47,Fulfilled,4,Hospital_11,Dr. Sharma,+91-7690737494
REQ_000015,O+,"Mumbai, India",19.07616206599484,72.87983566933293,MEDIUM,2025-08-20 03:13:47,Fulfilled,2,Hospital_11,Dr. Kumar,+91-9979305739
REQ_000016,B+,"Hyderabad, India",17.398015113634802,78.47942535193546,CRITICAL,2025-08-20 22:13:47,Active,2,Hospital_16,Dr. Singh,+91-9845774616
REQ_000017,A-,"Bangalore, India",12.983775480219508,77.59487586351624,HIGH,2025-08-20 17:13:47,Expired,3,Hospital_13,Dr. Verma,+91-7157612991
REQ_000018,A+,"Mumbai, India",19.085266967343838,72.8905540234016,MEDIUM,2025-08-20 11:13:47,Active,2,Hospital_15,Dr. Sharma,+91-8350840898
REQ_000019,O+,"Mumbai, India",19.086980235492604,72.86086272306689,CRITICAL,2025-08-20 22:13:47,Fulfilled,4,Hospital_9,Dr. Singh,+91-7497879474
REQ_000020,O+,"Mumbai, India",19.083309593663135,72.88594773207474,HIGH,2025-08-20 18:13:47,Fulfilled,3,Hospital_13,Dr. Verma,+91-7004943787
REQ_000021,O+,"Chennai, India",13.07431810864574,80.25148986861177,HIGH,2025-08-20 20:13:47,Active,3,Hospital_18,Dr. Kumar,+91-8774884818
REQ_000022,B+,"Hyderabad, India",17.39155919139659,78.48245272793616,HIGH,2025-08-20 18:13:47,Active,2,Hospital_2,Dr. Patel,+91-9226680251
REQ_000023,O+,"Bangalore, India",12.96496143064708,77.5988400989193,HIGH,2025-08-20 18:13:47,Fulfilled,1,Hospital_12,Dr. Verma,+91-9141011556
REQ_000024,B+,"Hyderabad, India",17.399346945707546,78.49003002129449,LOW,2025-08-18 02:13:47,Fulfilled,4,Hospital_15,Dr. Sharma,+91-7874275988
REQ_000025,O+,"Bangalore, India",12.97486563015863,77.59003047442856,HIGH,2025-08-20 17:13:47,Active,1,Hospital_9,Dr. Verma,+91-7562697526
REQ_000026,B-,"Bangalore, India",12.974197377466576,77.5916748380645,CRITICAL,2025-08-20 22:13:47,Fulfilled,2,Hospital_10,Dr. Kumar,+91-9998961044
REQ_000027,A+,"Chennai, India",13.08940992652089,80.27187844326141,HIGH,2025-08-20 21:13:47,Fulfilled,4,Hospital_16,Dr. Sharma,+91-7123993296
REQ_000028,B+,"Mumbai, India",19.06560031848383,72.86796032955752,MEDIUM,2025-08-20 11:13:47,Active,3,Hospital_20,Dr. Patel,+91-7680229045
REQ_000029,O-,"Bangalore, India",12.964836841364226,77.59620015481826,CRITICAL,2025-08-20 22:13:47,Fulfilled,4,Hospital_10,Dr. Verma,+91-7058731376
REQ_000030,O+,"Mumbai, India",19.08382198567698,72.87067709094963,HIGH,2025-08-20 17:13:47,Active,2,Hospital_18,Dr. Kumar,+91-7400330495
REQ_000031,B+,"Bangalore, India",13.007164580743769,77.58941864230745,MEDIUM,2025-08-20 04:13:47,Fulfilled,4,Hospital_8,Dr. Sharma,+91-8981903597
REQ_000032,A+,"Delhi, India",28.707094460040548,77.11165529791725,MEDIUM,2025-08-19 23:13:47,Fulfilled,1,Hospital_4,Dr. Patel,+91-9140506492
REQ_000033,O-,"Mumbai, India",19.088640501705072,72.8725060867791,MEDIUM,2025-08-20 06:13:47,Active,1,Hospital_10,Dr. Verma,+91-8174350979
REQ_000034,B-,"Kolkata, India",22.588918888483704,88.35258275811401,HIGH,2025-08-20 17:13:47,Active,1,Hospital_14,Dr. Kumar,+91-9028168523
REQ_000035,O+,"Kolkata, India",22.56414961488284,88.36828455878593,MEDIUM,2025-08-20 00:13:47,Expired,2,Hospital_8,Dr. Kumar,+91-9367665472
REQ_000036,A+,"Chennai, India",13.06735033737058,80.25984192586493,CRITICAL,2025-08-20 22:13:47,Expired,1,Hospital_5,Dr. Kumar,+91-7818665301
REQ_000037,B+,"Delhi, India",28.712905145741964,77.09726314467324,MEDIUM,2025-08-20 00:13:47,Fulfilled,1,Hospital_20,Dr. Verma,+91-7586298866
REQ_000038,AB+,"Delhi, India",28.71141672326621,77.09492302110257,CRITICAL,2025-08-20 22:13:47,Expired,2,Hospital_3,Dr. Singh,+91-8782164134
REQ_000039,O+,"Mumbai, India",19.07877011202994,72.89011651106993,HIGH,2025-08-20 19:13:47,Fulfilled,4,Hospital_11,Dr. Verma,+91-8147497835
REQ_000040,O+,"Hyderabad, India",17.3898713974488,78.5132631225179,MEDIUM,2025-08-20 16:13:47,Expired,3,Hospital_1,Dr. Singh,+91-8282287615
REQ_000041,A+,"Bangalore, India",12.973048846673972,77.60336205991672,CRITICAL,2025-08-20 22:13:47,Active,1,Hospital_19,Dr. Verma,+91-9834423953
REQ_000042,O+,"Delhi, India",28.709840812821067,77.09611179365179,CRITICAL,2025-08-20 22:13:47,Active,3,Hospital_16,Dr. Patel,+91-8917906456
REQ_000043,A+,"Mumbai, India",19.072286378706682,72.87500730575648,HIGH,2025-08-20 19:13:47,Fulfilled,1,Hospital_18,Dr. Kumar,+91-8482296058
REQ_000044,O-,"Mumbai, India",19.069186107805766,72.87628214262988,LOW,2025-08-16 17:13:47,Active,3,Hospital_11,Dr. Verma,+91-9334014365
REQ_000045,B+,"Bangalore, India",12.977679070802392,77.60530873772524,LOW,2025-08-16 06:13:47,Active,3,Hospital_13,Dr. Kumar,+91-8382023198
REQ_000046,B+,"Mumbai, India",19.074675508128102,72.89605573972383,HIGH,2025-08-20 21:13:47,Active,2,Hospital_7,Dr. Patel,+91-9455852189
REQ_000047,A-,"Kolkata, India",22.5817582576553,88.36050178831692,CRITICAL,2025-08-20 22:13:47,Active,2,Hospital_13,Dr. Patel,+91-8764265618
REQ_000048,B-,"Chennai, India",13.084521348710112,80.27407656797695,HIGH,2025-08-20 17:13:47,Active,3,Hospital_2,Dr. Singh,+91-9031417512
REQ_000049,O-,"Hyderabad, India",17.389165537616293,78.49088866926917,LOW,2025-08-15 16:13:47,Active,1,Hospital_13,Dr. Kumar,+91-9850521812
REQ_000050,O+,"Hyderabad, India",17.381303787676202,78.49040779857506,HIGH,2025-08-20 20:13:47,Active,1,Hospital_5,Dr. Kumar,+91-7158998032
REQ_000051,O+,"Delhi, India",28.716775330669268,77.09705013743373,LOW,2025-08-18 12:13:47,Fulfilled,3,Hospital_5,Dr. Verma,+91-9534805646
REQ_000052,O+,"Bangalore, India",12.965737448972314,77.6086117746949,MEDIUM,2025-08-20 12:13:47,Active,2,Hospital_11,Dr. Sharma,+91-8891100776
REQ_000053,A+,"Bangalore, India",12.988433240931363,77.60514678978302,MEDIUM,2025-08-20 10:13:47,Active,3,Hospital_4,Dr. Verma,+91-8962491159
REQ_000054,B+,"Mumbai, India",19.06940191123671,72.88166672526542,CRITICAL,2025-08-20 22:13:47,Active,4,Hospital_1,Dr. Patel,+91-8760844750
REQ_000055,A+,"Chennai, India",13.079040517527751,80.28330112546753,HIGH,2025-08-20 18:13:47,Active,2,Hospital_5,Dr. Sharma,+91-9016446768
REQ_000056,A+,"Mumbai, India",19.0773555776904,72.87871647082949,MEDIUM,2025-08-20 16:13:47,Active,1,Hospital_9,Dr. Singh,+91-9676878743
REQ_000057,AB-,"Hyderabad, India",17.38810218525255,78.48072980102891,HIGH,2025-08-20 20:13:47,Fulfilled,2,Hospital_13,Dr. Sharma,+91-8411178445
REQ_000058,O-,"Mumbai, India",19.089370391259052,72.87020629244233,CRITICAL,2025-08-20 22:13:47,Active,4,Hospital_18,Dr. Kumar,+91-8360049298
REQ_000059,O-,"Chennai, India",13.0896011821656,80.2407179284151,HIGH,2025-08-20 19:13:47,Active,3,Hospital_16,Dr. Verma,+91-7154185462
REQ_000060,A+,"Delhi, India",28.70005282948818,77.12474534338772,HIGH,2025-08-20 17:13:47,Expired,1,Hospital_20,Dr. Sharma,+91-8008330525
REQ_000061,B+,"Kolkata, India",22.5734979608699,88.36438173303753,CRITICAL,2025-08-20 22:13:47,Active,1,Hospital_10,Dr. Patel,+91-7388176285
REQ_000062,B+,"Delhi, India",28.70887969977599,77.1132884956651,HIGH,2025-08-20 17:13:47,Active,4,Hospital_14,Dr. Sharma,+91-9721926191
REQ_000063,O+,"Bangalore, India",12.950007310646804,77.61042880045323,CRITICAL,2025-08-20 22:13:47,Active,2,Hospital_4,Dr. Kumar,+91-7714531298
REQ_000064,O+,"Mumbai, India",19.07975182312451,72.87811040118652,CRITICAL,2025-08-20 22:13:47,Active,1,Hospital_10,Dr. Sharma,+91-7197529702
REQ_000065,A+,"Delhi, India",28.723605094890594,77.10833259260967,HIGH,2025-08-20 19:13:47,Active,1,Hospital_11,Dr. Sharma,+91-8260005019
REQ_000066,A-,"Bangalore, India",12.959244299866908,77.59884919602393,MEDIUM,2025-08-20 12:13:47,Active,4,Hospital_12,Dr. Singh,+91-8849785671
REQ_000067,O-,"Delhi, India",28.720866508027616,77.09631542473149,CRITICAL,2025-08-20 22:13:47,Active,1,Hospital_5,Dr. Patel,+91-9281341978
REQ_000068,O+,"Kolkata, India",22.549301300569386,88.35987331788763,CRITICAL,2025-08-20 22:13:47,Active,4,Hospital_14,Dr. Verma,+91-9928310291
REQ_000069,B+,"Bangalore, India",12.96652971737209,77.59659379920654,HIGH,2025-08-20 18:13:47,Expired,4,Hospital_6,Dr. Patel,+91-7751917162
REQ_000070,O+,"Chennai, India",13.074243715120106,80.26526296431841,CRITICAL,2025-08-20 22:13:47,Fulfilled,2,Hospital_3,Dr. Verma,+91-8643015259
REQ_000071,O+,"Delhi, India",28.688549967163308,77.09446957598936,CRITICAL,2025-08-20 22:13:47,Active,1,Hospital_20,Dr. Patel,+91-9137464556
REQ_000072,O+,"Mumbai, India",19.092545132808652,72.88291003896606,CRITICAL,2025-08-20 22:13:47,Active,3,Hospital_19,Dr. Patel,+91-7997241761
REQ_000073,O+,"Kolkata, India",22.57664049166533,88.34847807105812,HIGH,2025-08-20 19:13:47,Fulfilled,2,Hospital_15,Dr. Singh,+91-8973840257
REQ_000074,B+,"Bangalore, India",12.98045527372306,77.60282490317205,MEDIUM,2025-08-20 06:13:47,Active,4,Hospital_9,Dr. Sharma,+91-8998247509
REQ_000075,A-,"Bangalore, India",12.97372381312576,77.61096105110596,MEDIUM,2025-08-20 05:13:47,Active,1,Hospital_10,Dr. Verma,+91-7678500147
REQ_000076,B+,"Chennai, India",13.090928592227835,80.27911914867771,HIGH,2025-08-20 18:13:47,Active,3,Hospital_3,Dr. Kumar,+91-8484193033
REQ_000077,A+,"Mumbai, India",19.083325646178675,72.8647820377567,HIGH,2025-08-20 19:13:47,Active,1,Hospital_19,Dr. Singh,+91-9744220825
REQ_000078,O+,"Kolkata, India",22.569553412954225,88.36411887291311,CRITICAL,2025-08-20 22:13:47,Active,3,Hospital_14,Dr. Singh,+91-8962094851
REQ_000079,B+,"Chennai, India",13.09498675815437,80.27820675394628,HIGH,2025-08-20 19:13:47,Active,3,Hospital_10,Dr. Patel,+91-8652244897
REQ_000080,AB+,"Mumbai, India",19.07690426844014,72.88961711535974,HIGH,2025-08-20 18:13:47,Expired,1,Hospital_16,Dr. Sharma,+91-8018790736
REQ_000081,B+,"Mumbai, India",19.07769322594861,72.8773108625509,CRITICAL,2025-08-20 22:13:47,Active,3,Hospital_13,Dr. Verma,+91-8541717841
REQ_000082,O+,"Delhi, India",28.713374297691917,77.09363960611614,CRITICAL,2025-08-20 22:13:47,Fulfilled,4,Hospital_19,Dr. Singh,+91-8268006448
REQ_000083,B+,"Delhi, India",28.703876153435033,77.1091466256821,MEDIUM,2025-08-20 01:13:47,Active,1,Hospital_1,Dr. Kumar,+91-8178884276
REQ_000084,O-,"Bangalore, India",12.969601783489642,77.60468133896167,CRITICAL,2025-08-20 22:13:47,Active,1,Hospital_1,Dr. Verma,+91-9945486396
REQ_000085,A-,"Mumbai, India",19.090516342793308,72.87720570959793,HIGH,2025-08-20 17:13:47,Fulfilled,1,Hospital_2,Dr. Verma,+91-9133427445
REQ_000086,O+,"Mumbai, India",19.081076500985507,72.88594086580545,CRITICAL,2025-08-20 22:13:47,Active,1,Hospital_10,Dr. Patel,+91-9607324296
REQ_000087,O+,"Delhi, India",28.707131538283765,77.10344964291232,CRITICAL,2025-08-20 22:13:47,Fulfilled,3,Hospital_12,Dr. Patel,+91-9734252963
REQ_000088,B+,"Delhi, India",28.687146548084105,77.08462861412416,CRITICAL,2025-08-20 22:13:47,Active,2,Hospital_7,Dr. Verma,+91-8076433900
REQ_000089,O+,"Bangalore, India",12.961514691917474,77.60909292428404,HIGH,2025-08-20 19:13:47,Fulfilled,3,Hospital_5,Dr. Sharma,+91-9694912057
REQ_000090,B+,"Bangalore, India",12.970468293517099,77.58954379414081,CRITICAL,2025-08-20 22:13:47,Active,2,Hospital_2,Dr. Singh,+91-8893321208
REQ_000091,O+,"Hyderabad, India",17.38580159760488,78.48211726084602,HIGH,2025-08-20 21:13:47,Fulfilled,3,Hospital_2,Dr. Verma,+91-8567067057
REQ_000092,B+,"Delhi, India",28.677617628286534,77.11943750624215,HIGH,2025-08-20 18:13:47,Expired,2,Hospital_5,Dr. Sharma,+91-8267489756
REQ_000093,AB-,"Kolkata, India",22.58116687789319,88.37989350870814,MEDIUM,2025-08-20 16:13:47,Fulfilled,3,Hospital_11,Dr. Kumar,+91-7754368373
REQ_000094,A-,"Mumbai, India",19.0820453030618,72.87584315503872,CRITICAL,2025-08-20 22:13:47,Expired,4,Hospital_7,Dr. Patel,+91-9316738668
REQ_000095,A+,"Delhi, India",28.68842953427194,77.08950854058244,HIGH,2025-08-20 18:13:47,Fulfilled,2,Hospital_12,Dr. Verma,+91-9155192095
REQ_000096,B-,"Delhi, India",28.698392925472763,77.11031428919466,CRITICAL,2025-08-20 22:13:47,Active,1,Hospital_9,Dr. Patel,+91-8103678092
REQ_000097,A+,"Mumbai, India",19.071748070467272,72.88231184525945,HIGH,2025-08-20 19:13:47,Active,3,Hospital_16,Dr. Singh,+91-8454770940
REQ_000098,B+,"Delhi, India",28.705329430313874,77.09862817041396,MEDIUM,2025-08-20 16:13:47,Active,4,Hospital_4,Dr. Kumar,+91-7323408297
REQ_000099,B+,"Chennai, India",13.0863431642259,80.28649819244833,HIGH,2025-08-20 18:13:47,Fulfilled,1,Hospital_5,Dr. Patel,+91-9904788278
REQ_000100,AB+,"Mumbai, India",19.092716284579133,72.87558089406522,HIGH,2025-08-20 19:13:47,Active,4,Hospital_13,Dr. Verma,+91-8570991899
REQ_000101,A+,"Bangalore, India",12.964501573405553,77.59596705322757,CRITICAL,2025-08-20 22:13:47,Fulfilled,2,Hospital_3,Dr. Kumar,+91-7059780189
REQ_000102,A+,"Delhi, India",28.703560373399352,77.09864839527637,MEDIUM,2025-08-20 08:13:47,Active,3,Hospital_9,Dr. Verma,+91-7530809576
REQ_000103,B+,"Hyderabad, India",17.380827192704306,78.49431639373638,LOW,2025-08-16 22:13:47,Active,3,Hospital_15,Dr. Singh,+91-9889775885
REQ_000104,A+,"Hyderabad, India",17.38094308366344,78.47349941434092,HIGH,2025-08-20 19:13:47,Fulfilled,2,Hospital_9,Dr. Verma,+91-8636492037
REQ_000105,O+,"Bangalore, India",12.962074809387238,77.59996824683955,HIGH,2025-08-20 18:13:47,Active,3,Hospital_12,Dr. Sharma,+91-9898400928
REQ_000106,A-,"Bangalore, India",12.98814634748402,77.58356953209746,MEDIUM,2025-08-20 05:13:47,Active,1,Hospital_8,Dr. Kumar,+91-7107480046
REQ_000107,O+,"Bangalore, India",12.961988285551325,77.60077620665085,HIGH,2025-08-20 17:13:47,Active,1,Hospital_20,Dr. Verma,+91-8408776235
REQ_000108,B-,"Delhi, India",28.71632345256468,77.10729565723965,CRITICAL,2025-08-20 22:13:47,Expired,3,Hospital_20,Dr. Patel,+91-9781645815
REQ_000109,B+,"Delhi, India",28.711956753837516,77.09687297834235,CRITICAL,2025-08-20 22:13:47,Active,2,Hospital_3,Dr. Kumar,+91-8297896903
REQ_000110,O+,"Mumbai, India",19.069426183421317,72.87428993336206,HIGH,2025-08-20 21:13:47,Active,1,Hospital_14,Dr. Sharma,+91-7600337712
REQ_000111,B+,"Chennai, India",13.081059467672441,80.27826087880696,LOW,2025-08-19 04:13:47,Active,4,Hospital_2,Dr. Sharma,+91-8307235909
REQ_000112,A+,"Delhi, India",28.729972714558453,77.10889562930855,HIGH,2025-08-20 20:13:47,Active,4,Hospital_16,Dr. Sharma,+91-7417436465
REQ_000113,O+,"Bangalore, India",12.98856176888557,77.58431961340906,HIGH,2025-08-20 18:13:47,Active,3,Hospital_8,Dr. Verma,+91-7582672654
REQ_000114,O+,"Chennai, India",13.083387500567637,80.27664130640915,CRITICAL,2025-08-20 22:13:47,Active,1,Hospital_13,Dr. Kumar,+91-8593482331
REQ_000115,AB+,"Delhi, India",28.698166971088778,77.10409817622728,CRITICAL,2025-08-20 22:13:47,Fulfilled,3,Hospital_18,Dr. Kumar,+91-9522607583
REQ_000116,A+,"Delhi, India",28.696087067493664,77.09392305332068,HIGH,2025-08-20 17:13:47,Fulfilled,3,Hospital_5,Dr. Kumar,+91-9812868150
REQ_000117,A-,"Kolkata, India",22.570082297247353,88.37476530557899,LOW,2025-08-18 17:13:47,Active,4,Hospital_4,Dr. Kumar,+91-9644206129
REQ_000118,B+,"Kolkata, India",22.577831600334022,88.34658443010034,CRITICAL,2025-08-20 22:13:47,Expired,4,Hospital_14,Dr. Singh,+91-7140515379
REQ_000119,AB-,"Hyderabad, India",17.39116813078739,78.49985438461857,CRITICAL,2025-08-20 22:13:47,Fulfilled,2,Hospital_12,Dr. Patel,+91-8904315855
REQ_000120,B+,"Chennai, India",13.081988439682043,80.25985529376422,CRITICAL,2025-08-20 22:13:47,Active,3,Hospital_15,Dr. Patel,+91-8557724698
REQ_000121,B+,"Chennai, India",13.082646694266739,80.259525799226,HIGH,2025-08-20 19:13:47,Active,2,Hospital_4,Dr. Singh,+91-9338463041
REQ_000122,B+,"Hyderabad, India",17.37042032907813,78.49917546540314,LOW,2025-08-16 15:13:47,Active,1,Hospital_12,Dr. Sharma,+91-8709996749
REQ_000123,B+,"Kolkata, India",22.57957550448878,88.35862915956339,MEDIUM,2025-08-20 10:13:47,Active,3,Hospital_9,Dr. Patel,+91-7524671997
REQ_000124,A+,"Bangalore, India",12.969528833835025,77.6016724947733,HIGH,2025-08-20 18:13:47,Active,1,Hospital_15,Dr. Sharma,+91-9846570058
REQ_000125,O+,"Delhi, India",28.70927837442985,77.09975286459678,CRITICAL,2025-08-20 22:13:47,Active,1,Hospital_7,Dr. Verma,+91-7091729577
REQ_000126,B+,"Delhi, India",28.70511762747916,77.09915168762825,HIGH,2025-08-20 20:13:47,Fulfilled,1,Hospital_2,Dr. Singh,+91-8046120419
REQ_000127,B-,"Hyderabad, India",17.38177980850137,78.50072209589503,CRITICAL,2025-08-20 22:13:47,Expired,2,Hospital_5,Dr. Verma,+91-7881351238
REQ_000128,O+,"Chennai, India",13.08698254397517,80.26509808819326,LOW,2025-08-16 20:13:47,Expired,1,Hospital_3,Dr. Verma,+91-7889734128
REQ_000129,O+,"Mumbai, India",19.076533279658495,72.87671914587604,HIGH,2025-08-20 21:13:47,Active,1,Hospital_19,Dr. Patel,+91-8000721711
REQ_000130,A-,"Hyderabad, India",17.394333207846522,78.45129038853653,CRITICAL,2025-08-20 22:13:47,Active,2,Hospital_11,Dr. Patel,+91-9559721644
REQ_000131,O+,"Mumbai, India",19.09046576453502,72.86735185111426,LOW,2025-08-14 05:13:47,Active,4,Hospital_1,Dr. Singh,+91-7621430136
REQ_000132,B-,"Delhi, India",28.70779728741034,77.10290761161735,MEDIUM,2025-08-20 12:13:47,Active,1,Hospital_5,Dr. Verma,+91-8076551580
REQ_000133,O+,"Hyderabad, India",17.385154793605746,78.48148674321418,HIGH,2025-08-20 17:13:47,Active,4,Hospital_6,Dr. Sharma,+91-9839220941
REQ_000134,O+,"Kolkata, India",22.580594169002378,88.36522414976554,HIGH,2025-08-20 17:13:47,Fulfilled,2,Hospital_1,Dr. Patel,+91-7063824611
REQ_000135,A+,"Bangalore, India",12.966162588896342,77.61183240516506,HIGH,2025-08-20 21:13:47,Fulfilled,1,Hospital_12,Dr. Patel,+91-9529104043
REQ_000136,O+,"Chennai, India",13.063854016826742,80.26228277732004,CRITICAL,2025-08-20 22:13:47,Active,2,Hospital_11,Dr. Sharma,+91-7748381742
REQ_000137,O-,"Delhi, India",28.713866664952267,77.1043050463389,HIGH,2025-08-20 19:13:47,Expired,4,Hospital_9,Dr. Sharma,+91-7544423789
REQ_000138,O+,"Delhi, India",28.709256628049374,77.10170358021794,HIGH,2025-08-20 17:13:47,Fulfilled,1,Hospital_14,Dr. Verma,+91-7488120041
REQ_000139,O+,"Kolkata, India",22.574901662035796,88.3741765312736,HIGH,2025-08-20 18:13:47,Active,1,Hospital_3,Dr. Kumar,+91-8925327382
REQ_000140,A+,"Delhi, India",28.709683084961267,77.09607201519212,CRITICAL,2025-08-20 22:13:47,Active,4,Hospital_12,Dr. Verma,+91-9549776132
REQ_000141,A+,"Delhi, India",28.71242620189021,77.10123858450123,CRITICAL,2025-08-20 22:13:47,Active,3,Hospital_4,Dr. Kumar,+91-9163970710
REQ_000142,O+,"Chennai, India",13.085966709215423,80.26088010420158,CRITICAL,2025-08-20 22:13:47,Active,1,Hospital_8,Dr. Verma,+91-7186251406
REQ_000143,AB+,"Bangalore, India",12.968744431184938,77.59216400492247,CRITICAL,2025-08-20 22:13:47,Active,1,Hospital_17,Dr. Singh,+91-8967277638
REQ_000144,AB+,"Mumbai, India",19.0912336855313,72.89806448582964,MEDIUM,2025-08-20 16:13:47,Fulfilled,4,Hospital_1,Dr. Sharma,+91-9057211631
REQ_000145,B-,"Bangalore, India",12.985131488414673,77.5945654041944,HIGH,2025-08-20 21:13:47,Fulfilled,4,Hospital_13,Dr. Kumar,+91-9946766309
REQ_000146,O+,"Delhi, India",28.7043250217756,77.10167554040852,CRITICAL,2025-08-20 22:13:47,Fulfilled,4,Hospital_4,Dr. Kumar,+91-8905085701
REQ_000147,O+,"Kolkata, India",22.57947140306003,88.36976453130333,HIGH,2025-08-20 21:13:47,Active,1,Hospital_3,Dr. Sharma,+91-8383459732
REQ_000148,B+,"Delhi, India",28.711610905430035,77.10594133704829,HIGH,2025-08-20 18:13:47,Active,1,Hospital_20,Dr. Patel,+91-7282103057
REQ_000149,O-,"Bangalore, India",12.977835995270521,77.5964869976233,HIGH,2025-08-20 17:13:47,Active,2,Hospital_5,Dr. Singh,+91-9681423225
REQ_000150,O+,"Chennai, India",13.087671276573563,80.25643262435956,HIGH,2025-08-20 19:13:47,Expired,2,Hospital_19,Dr. Verma,+91-8396660850
REQ_000151,A+,"Bangalore, India",12.966791042911865,77.58763549332721,MEDIUM,2025-08-20 16:13:47,Active,1,Hospital_13,Dr. Verma,+91-9278724262
REQ_000152,O+,"Chennai, India",13.075809578756663,80.27088099964324,HIGH,2025-08-20 17:13:47,Fulfilled,2,Hospital_10,Dr. Kumar,+91-9171325343
REQ_000153,A+,"Bangalore, India",12.95709581758768,77.58606914202637,HIGH,2025-08-20 18:13:47,Active,2,Hospital_20,Dr. Kumar,+91-7425968237
REQ_000154,O+,"Mumbai, India",19.092142122555135,72.87014107762447,HIGH,2025-08-20 17:13:47,Active,2,Hospital_4,Dr. Verma,+91-7923517027
REQ_000155,AB+,"Kolkata, India",22.563560158300966,88.35801307475307,CRITICAL,2025-08-20 22:13:47,Active,1,Hospital_14,Dr. Kumar,+91-7981372436
REQ_000156,O+,"Chennai, India",13.08665711532417,80.27784946686783,MEDIUM,2025-08-20 02:13:47,Active,1,Hospital_14,Dr. Singh,+91-8947762953
REQ_000157,B+,"Mumbai, India",19.091610179956106,72.87421691604956,HIGH,2025-08-20 18:13:47,Active,3,Hospital_13,Dr. Kumar,+91-7408390575
REQ_000158,B+,"Mumbai, India",19.077923689270374,72.89038995975143,MEDIUM,2025-08-20 14:13:47,Fulfilled,2,Hospital_11,Dr. Kumar,+91-8342278523
REQ_000159,O-,"Mumbai, India",19.078882683537422,72.87502160567432,HIGH,2025-08-20 17:13:47,Active,1,Hospital_9,Dr. Singh,+91-7655579180
REQ_000160,A+,"Delhi, India",28.678563689843514,77.10675596809696,HIGH,2025-08-20 17:13:47,Active,2,Hospital_16,Dr. Sharma,+91-7391807468
REQ_000161,B+,"Mumbai, India",19.081967424522777,72.8813704679293,MEDIUM,2025-08-20 16:13:47,Fulfilled,4,Hospital_3,Dr. Sharma,+91-8854895521
REQ_000162,AB+,"Mumbai, India",19.078798118543023,72.8875940106367,HIGH,2025-08-20 21:13:47,Expired,4,Hospital_4,Dr. Singh,+91-7558841618
REQ_000163,B+,"Bangalore, India",12.980635713920357,77.59471265413595,HIGH,2025-08-20 21:13:47,Fulfilled,3,Hospital_18,Dr. Sharma,+91-9518848328
REQ_000164,B-,"Mumbai, India",19.090290406046147,72.87835319549359,LOW,2025-08-16 16:13:47,Active,1,Hospital_18,Dr. Verma,+91-8415818695
REQ_000165,B+,"Bangalore, India",12.956614318695442,77.59211344316435,HIGH,2025-08-20 17:13:47,Active,3,Hospital_4,Dr. Kumar,+91-8518692176
REQ_000166,B+,"Chennai, India",13.077639897107964,80.25274806972028,CRITICAL,2025-08-20 22:13:47,Active,3,Hospital_14,Dr. Sharma,+91-8235358894
REQ_000167,O-,"Mumbai, India",19.066964173636254,72.88147618406421,HIGH,2025-08-20 18:13:47,Expired,3,Hospital_20,Dr. Singh,+91-8510308881
REQ_000168,A+,"Delhi, India",28.70853675726888,77.09979362931738,CRITICAL,2025-08-20 22:13:47,Fulfilled,1,Hospital_4,Dr. Verma,+91-9179320310
REQ_000169,B+,"Mumbai, India",19.087002858290827,72.87769059818804,LOW,2025-08-19 21:13:47,Fulfilled,1,Hospital_7,Dr. Patel,+91-9820660931
REQ_000170,B+,"Delhi, India",28.69974192647366,77.09633851871108,CRITICAL,2025-08-20 22:13:47,Active,4,Hospital_16,Dr. Patel,+91-7464794418
REQ_000171,A+,"Delhi, India",28.70017325346474,77.11006052020753,HIGH,2025-08-20 21:13:47,Active,3,Hospital_12,Dr. Verma,+91-8578662692
REQ_000172,O-,"Delhi, India",28.708149981991827,77.10330027088348,LOW,2025-08-18 15:13:47,Fulfilled,3,Hospital_4,Dr. Singh,+91-9465740756
REQ_000173,A+,"Kolkata, India",22.586615781389995,88.36062165809838,MEDIUM,2025-08-20 02:13:47,Expired,1,Hospital_8,Dr. Kumar,+91-9409329326
REQ_000174,B+,"Chennai, India",13.079004335881272,80.26648608579922,HIGH,2025-08-20 18:13:47,Active,1,Hospital_20,Dr. Verma,+91-9899002906
REQ_000175,A+,"Hyderabad, India",17.366856095136196,78.4910040845843,MEDIUM,2025-08-20 02:13:47,Active,1,Hospital_18,Dr. Sharma,+91-9615613239
REQ_000176,O+,"Chennai, India",13.078425777219731,80.26710023826419,LOW,2025-08-14 05:13:47,Active,2,Hospital_9,Dr. Sharma,+91-7774881143
REQ_000177,B+,"Mumbai, India",19.080121143007307,72.9057141037822,MEDIUM,2025-08-20 01:13:47,Active,3,Hospital_9,Dr. Singh,+91-8459535801
REQ_000178,B+,"Mumbai, India",19.083607156333755,72.88196539290027,HIGH,2025-08-20 18:13:47,Fulfilled,3,Hospital_12,Dr. Sharma,+91-7779130936
REQ_000179,B+,"Hyderabad, India",17.399901435958835,78.4852245108725,HIGH,2025-08-20 17:13:47,Active,2,Hospital_5,Dr. Verma,+91-9823273703
REQ_000180,A+,"Bangalore, India",12.951833554950184,77.59421212316889,CRITICAL,2025-08-20 22:13:47,Active,1,Hospital_13,Dr. Sharma,+91-7609346980
REQ_000181,A+,"Mumbai, India",19.065785680413413,72.86922953180832,HIGH,2025-08-20 20:13:47,Fulfilled,1,Hospital_1,Dr. Sharma,+91-9278405793
REQ_000182,O+,"Mumbai, India",19.07892090417985,72.89523515335956,CRITICAL,2025-08-20 22:13:47,Fulfilled,1,Hospital_7,Dr. Kumar,+91-8803166816
REQ_000183,B+,"Chennai, India",13.080033518484843,80.2872363521603,HIGH,2025-08-20 21:13:47,Fulfilled,3,Hospital_15,Dr. Singh,+91-7676067682
REQ_000184,A+,"Mumbai, India",19.070652491954093,72.89885343219163,MEDIUM,2025-08-20 02:13:47,Active,4,Hospital_12,Dr. Singh,+91-8393213895
REQ_000185,B+,"Hyderabad, India",17.384508262157297,78.48378980682757,HIGH,2025-08-20 19:13:47,Active,4,Hospital_19,Dr. Verma,+91-7364887703
REQ_000186,AB-,"Delhi, India",28.706372888828454,77.09794666511014,CRITICAL,2025-08-20 22:13:47,Active,2,Hospital_2,Dr. Patel,+91-7676070354
REQ_000187,B+,"Bangalore, India",12.979937584734168,77.57971674586481,HIGH,2025-08-20 18:13:47,Active,2,Hospital_20,Dr. Sharma,+91-9894673596
REQ_000188,O+,"Hyderabad, India",17.38370830236836,78.49127671611194,CRITICAL,2025-08-20 22:13:47,Active,2,Hospital_3,Dr. Singh,+91-8903155722
REQ_000189,A+,"Mumbai, India",19.087651571238947,72.88726129041294,HIGH,2025-08-20 17:13:47,Fulfilled,4,Hospital_14,Dr. Kumar,+91-9607371597
REQ_000190,AB+,"Delhi, India",28.693891182980085,77.10111840377137,MEDIUM,2025-08-19 23:13:47,Fulfilled,2,Hospital_15,Dr. Kumar,+91-8173242669
REQ_000191,B-,"Mumbai, India",19.06982492205097,72.86966061623274,CRITICAL,2025-08-20 22:13:47,Active,2,Hospital_7,Dr. Verma,+91-7488842470
REQ_000192,B+,"Bangalore, India",12.979578518254783,77.59888727993294,CRITICAL,2025-08-20 22:13:47,Active,1,Hospital_12,Dr. Kumar,+91-7476267947
REQ_000193,B+,"Mumbai, India",19.073956927913997,72.88406698136927,MEDIUM,2025-08-20 16:13:47,Active,2,Hospital_10,Dr. Verma,+91-9090071756
REQ_000194,A+,"Mumbai, India",19.069164343130826,72.8846590321949,MEDIUM,2025-08-20 08:13:47,Fulfilled,1,Hospital_17,Dr. Singh,+91-7195066088
REQ_000195,O+,"Delhi, India",28.721974210522017,77.11397380568914,LOW,2025-08-16 02:13:47,Fulfilled,1,Hospital_8,Dr. Kumar,+91-9574081104
REQ_000196,O+,"Chennai, India",13.07647791230175,80.28792627660705,CRITICAL,2025-08-20 22:13:47,Active,1,Hospital_2,Dr. Sharma,+91-7877990647
REQ_000197,O-,"Mumbai, India",19.045894774836864,72.86337722514268,MEDIUM,2025-08-20 07:13:47,Active,4,Hospital_10,Dr. Patel,+91-7589418977
REQ_000198,O+,"Delhi, India",28.70749963790757,77.10399559597637,CRITICAL,2025-08-20 22:13:47,Active,4,Hospital_9,Dr. Singh,+91-8409274786
REQ_000199,O+,"Hyderabad, India",17.373530714876647,78.50453918606607,HIGH,2025-08-20 19:13:47,Active,4,Hospital_4,Dr. Sharma,+91-9136253713
REQ_000200,AB+,"Mumbai, India",19.0759574790328,72.88623250684581,HIGH,2025-08-20 18:13:47,Active,2,Hospital_14,Dr. Patel,+91-7554848380
